,scores,support
lotarea,17836956269.376575,True
bldgarea,2993662801.205942,True
numbldgs,10469.315648754624,True
numfloors,14270.421315009537,True
unitsres,757231.1705265355,True
unitstotal,785176.331739769,True
lotfront,633325.8763686031,True
lotdepth,233548.77548485695,True
bldgfront,275638.87412367406,True
bldgdepth,138201.7089916517,True
yearbuilt,753453.2448147351,True
residfar,10843.780687023152,True
commfar,52749.35462914605,True
facilfar,9684.81754653734,True
yearalter,14513640.861133957,True
assessland,345215498633.69037,True
cd_101,9097.794117647125,False
cd_102,9251.622807017422,False
cd_103,9102.529629629553,False
cd_104,8677.171171171034,False
cd_105,9359.999999999978,False
cd_106,9204.483333333237,False
cd_107,9049.531249999882,False
cd_108,8996.43989071051,False
cd_109,7077.216475096038,False
cd_110,8153.970862470989,False
cd_111,7607.696078431142,False
cd_112,8276.77614858251,False
cd_201,6917.132458698003,False
cd_202,6071.917088294205,False
cd_203,5337.810176651207,False
cd_204,6814.58494838461,False
cd_205,6144.370157244988,False
cd_206,6297.375603503233,False
cd_207,5642.121370426588,False
cd_208,6349.523295984759,False
cd_209,5063.289348099901,False
cd_210,5347.910368328889,False
cd_211,4521.00527963986,False
cd_212,4956.935499620353,False
cd_301,6117.3271797677835,False
cd_302,7367.550874485426,False
cd_303,5983.574712094518,False
cd_304,6020.930859640743,False
cd_305,5116.777409391556,False
cd_306,5952.409013600991,False
cd_307,4733.49308207276,False
cd_308,5428.130414710173,False
cd_309,5201.312735424953,False
cd_310,4864.295241607938,False
cd_311,4054.51202523233,False
cd_312,5220.991075718477,False
cd_313,5517.715446022211,False
cd_314,4901.224787616422,False
cd_315,4906.378591839587,False
cd_316,5792.448078402851,False
cd_317,4299.830474246295,False
cd_318,4948.63401780843,False
cd_401,4826.548946233359,False
cd_402,5123.4487513443355,False
cd_403,4365.140028914536,False
cd_404,5092.540583100985,False
cd_405,4352.128565438477,False
cd_406,5132.4320636738385,False
cd_407,4829.050671500547,False
cd_408,4845.830953110878,False
cd_409,3481.977546050717,False
cd_410,4427.8313422343235,False
cd_411,4794.469634481209,False
cd_412,4817.671961097422,False
cd_413,4108.812932433239,False
cd_414,6188.618373906639,False
cd_480,9390.000000000102,True
cd_501,5331.604539555548,False
cd_502,5227.335379070747,False
cd_503,5323.54233716538,False
schooldist_1,9168.28282828273,False
schooldist_2,8903.22628726295,False
schooldist_3,9000.759803921606,False
schooldist_4,7508.98765432081,False
schooldist_5,7391.108363858206,False
schooldist_6,7947.788299663142,False
schooldist_7,6764.708963585034,False
schooldist_8,5368.029469514213,False
schooldist_9,6437.269400044745,False
schooldist_10,5965.829679209915,False
schooldist_11,4839.496461136862,False
schooldist_12,5635.911130320121,False
schooldist_13,6558.840454143116,False
schooldist_14,6247.8840224797805,False
schooldist_15,5183.5307209729735,False
schooldist_16,5773.707470444795,False
schooldist_17,5066.291803160531,False
schooldist_18,4484.231682309518,False
schooldist_19,5112.925967060475,False
schooldist_20,5093.035029809185,False
schooldist_21,4665.714338232169,False
schooldist_22,4609.532217151992,False
schooldist_23,5694.035041330316,False
schooldist_24,4571.841140469877,False
schooldist_25,4702.659060719927,False
schooldist_26,4844.378804449613,False
schooldist_27,4564.088653317917,False
schooldist_28,4340.235271570429,False
schooldist_29,4436.131450465019,False
schooldist_30,4855.3374247168595,False
schooldist_31,5045.603587420277,False
schooldist_32,5964.942651759826,False
council_1,9172.830508474632,False
council_2,9134.108024691284,False
council_3,8919.491111111038,False
council_4,9250.627272727374,False
council_5,8506.338095238172,False
council_6,9125.404761904669,False
council_7,7525.557347670144,False
council_8,7326.740706605526,False
council_9,8023.158930150599,False
council_10,8331.412878787756,False
council_11,5503.07881690341,False
council_12,4912.430021099344,False
council_13,5009.5137783767805,False
council_14,5521.821486071898,False
council_15,6354.93930702506,False
council_16,6057.341151058033,False
council_17,6036.73737491369,False
council_18,4946.225687547125,False
council_19,4918.909034004203,False
council_20,4645.6738400061195,False
council_21,4718.0982270356735,False
council_22,4525.608067321007,False
council_23,4081.407723698939,False
council_24,4736.943280057321,False
council_25,4928.42373087182,False
council_26,5730.739529469064,False
council_27,4639.056809862184,False
council_28,4188.082660847847,False
council_29,4925.304527964312,False
council_30,3776.787534314277,False
council_31,5340.677464572257,False
council_32,4701.355562236162,False
council_33,6785.332497785442,False
council_34,6121.3651598410515,False
council_35,5881.466322494241,False
council_36,5738.4931415846495,False
council_37,5077.616914033719,False
council_38,5069.182629257142,False
council_39,5136.010064691047,False
council_40,5113.376632122004,False
council_41,4990.122775529864,False
council_42,5501.316449454813,False
council_43,4542.204266626819,False
council_44,5378.040285498266,False
council_45,4199.649129661776,False
council_46,5122.869343840882,False
council_47,4844.350635340773,False
council_48,4803.1055990906925,False
council_49,5554.921193710528,False
council_50,5249.1665828399255,False
council_51,5297.284878540381,False
zipcode_10001,8953.136363636384,False
zipcode_10002,9124.868421052564,False
zipcode_10003,9369.99999999993,False
zipcode_10004,9390.000000000005,True
zipcode_10005,9390.000000000007,True
zipcode_10006,9390.000000000156,True
zipcode_10007,9387.999999999996,True
zipcode_10009,8929.809523809417,False
zipcode_10010,8713.214285714228,False
zipcode_10011,9095.797101449361,False
zipcode_10012,9377.999999999944,False
zipcode_10013,9372.999999999995,False
zipcode_10014,9146.404761904687,False
zipcode_10016,9375.999999999942,False
zipcode_10017,9386.000000000005,True
zipcode_10018,8602.41666666664,False
zipcode_10019,8987.708333333285,False
zipcode_10021,9377.99999999985,False
zipcode_10022,9378.999999999973,False
zipcode_10023,8706.2142857144,False
zipcode_10024,9372.000000000053,False
zipcode_10025,9097.794117646998,False
zipcode_10026,9379.999999999887,False
zipcode_10027,7280.111111111002,False
zipcode_10028,8655.615384615327,False
zipcode_10029,7348.490196078432,False
zipcode_10030,7743.601495726372,False
zipcode_10031,7257.126543209764,False
zipcode_10032,7957.1212121212775,False
zipcode_10033,8338.555555555437,False
zipcode_10034,7962.121212121204,False
zipcode_10035,7809.833333333245,False
zipcode_10036,8953.136363636375,False
zipcode_10037,6647.958333333088,False
zipcode_10038,8213.12499999999,False
zipcode_10039,9387.999999999993,True
zipcode_10040,9385.999999999747,False
zipcode_10065,8857.277777777765,False
zipcode_10075,9382.999999999962,False
zipcode_10128,9041.607142857187,False
zipcode_10301,6116.784107860177,False
zipcode_10302,5189.502523477089,False
zipcode_10303,5508.331941082031,False
zipcode_10304,5601.843092964518,False
zipcode_10305,5700.989966083725,False
zipcode_10306,5498.45422697612,False
zipcode_10307,6460.952844439009,False
zipcode_10308,5062.201217457212,False
zipcode_10309,5171.698955964885,False
zipcode_10310,5458.254748444664,False
zipcode_10312,5672.408748291617,False
zipcode_10314,4589.213025062791,False
zipcode_10451,6994.130769230706,False
zipcode_10452,7808.8333333330065,False
zipcode_10453,5489.270721187842,False
zipcode_10454,7187.8275689222355,False
zipcode_10455,5854.592222222166,False
zipcode_10456,5660.37269007099,False
zipcode_10457,6992.6160321155185,False
zipcode_10458,6245.079612239236,False
zipcode_10459,5932.410204081378,False
zipcode_10460,5805.93191964337,False
zipcode_10461,4735.561409416136,False
zipcode_10462,4916.6757721033655,False
zipcode_10463,5425.411287477706,False
zipcode_10464,5497.951736110432,False
zipcode_10465,6041.398866303833,False
zipcode_10466,5002.762906860948,False
zipcode_10467,4633.604548142138,False
zipcode_10468,5598.349277574051,False
zipcode_10469,4239.859423320799,False
zipcode_10470,5138.823124262072,False
zipcode_10471,7589.137820513276,False
zipcode_10472,4712.567061236973,False
zipcode_10473,5329.325343093605,False
zipcode_10474,5998.271978021845,False
zipcode_10475,6860.342592592417,False
zipcode_11001,4053.542503322665,False
zipcode_11004,4411.930110629863,False
zipcode_11040,3756.3692022265705,False
zipcode_11101,7096.280852481008,False
zipcode_11102,4862.328192811014,False
zipcode_11103,5379.564143169888,False
zipcode_11104,5284.424365079054,False
zipcode_11105,3327.7466352442525,False
zipcode_11106,4476.0085911942115,False
zipcode_11201,7990.824436936641,False
zipcode_11203,4691.0057973833445,False
zipcode_11204,5494.744050226345,False
zipcode_11205,7338.5321088439805,False
zipcode_11206,6791.31320982906,False
zipcode_11207,5266.300616800331,False
zipcode_11208,4511.489791454812,False
zipcode_11209,5334.7215841205225,False
zipcode_11210,4185.780859951985,False
zipcode_11211,5627.428718341607,False
zipcode_11212,5248.573851110313,False
zipcode_11213,4785.772891557078,False
zipcode_11214,3783.4511596541274,False
zipcode_11215,4942.60514916709,False
zipcode_11216,5043.283361272382,False
zipcode_11217,6683.252335858891,False
zipcode_11218,3830.842633533186,False
zipcode_11219,6030.281945471181,False
zipcode_11220,5018.487746650646,False
zipcode_11221,6181.1067730542445,False
zipcode_11222,5838.343377943741,False
zipcode_11223,4489.048571518322,False
zipcode_11224,6239.283666154342,False
zipcode_11225,5608.680848350099,False
zipcode_11226,4850.184164303178,False
zipcode_11228,3729.948058894903,False
zipcode_11229,4712.764246588597,False
zipcode_11230,4766.985767602235,False
zipcode_11231,6395.6656403308,False
zipcode_11232,5196.984263393335,False
zipcode_11233,5740.963659659786,False
zipcode_11234,4859.567052299406,False
zipcode_11235,4889.305631135408,False
zipcode_11236,4735.12091887234,False
zipcode_11237,5665.408851911747,False
zipcode_11238,6876.975808625539,False
zipcode_11239,6515.52777777762,False
zipcode_11249,8186.314705882275,False
zipcode_11354,4885.867863018575,False
zipcode_11355,4501.541422300719,False
zipcode_11356,4608.295909468439,False
zipcode_11357,5190.628754761619,False
zipcode_11358,3453.948632743186,False
zipcode_11360,7015.794468923385,False
zipcode_11361,4531.001345785403,False
zipcode_11362,5423.322605757116,False
zipcode_11363,7147.786286434607,False
zipcode_11364,4580.42197450651,False
zipcode_11365,4451.584285873058,False
zipcode_11366,4018.2692074592705,False
zipcode_11367,4426.504689400189,False
zipcode_11368,5075.512006108762,False
zipcode_11369,4034.9163745640653,False
zipcode_11370,4389.561476688573,False
zipcode_11372,5295.981239316064,False
zipcode_11373,5000.782286206385,False
zipcode_11374,5133.838442855691,False
zipcode_11375,5003.59152583639,False
zipcode_11377,4253.226474530713,False
zipcode_11378,3462.0041446046316,False
zipcode_11379,3865.4628223097293,False
zipcode_11385,5136.533220167253,False
zipcode_11411,3219.4292907896397,False
zipcode_11412,4440.944541525546,False
zipcode_11413,4692.729591962391,False
zipcode_11414,7213.397658730541,False
zipcode_11415,5750.350147331551,False
zipcode_11416,3908.442519715461,False
zipcode_11417,3741.8359527890893,False
zipcode_11418,3637.986277041839,False
zipcode_11419,3790.411985205102,False
zipcode_11420,3321.662135711885,False
zipcode_11421,2406.4923307426534,False
zipcode_11422,4781.865106894078,False
zipcode_11423,4645.42527314743,False
zipcode_11426,3682.0236372476757,False
zipcode_11427,3419.3948313734995,False
zipcode_11428,2933.978414168822,False
zipcode_11429,4135.72211654583,False
zipcode_11432,5263.8337512374765,False
zipcode_11433,5075.353413922811,False
zipcode_11434,4576.506782311475,False
zipcode_11435,4741.382806757463,False
zipcode_11436,5486.643604073139,False
zipcode_11691,5678.3390724618275,False
zipcode_11692,6495.026121795705,False
zipcode_11693,5662.5780045347265,False
zipcode_11694,6920.614665416342,False
firecomp_E001,9386.999999999996,True
firecomp_E003,7194.766666666858,False
firecomp_E004,4694.499999999794,False
firecomp_E005,9384.999999999976,False
firecomp_E006,9387.00000000002,True
firecomp_E007,9387.999999999993,True
firecomp_E008,9383.999999999973,False
firecomp_E009,9385.999999999956,True
firecomp_E010,9389.000000000067,True
firecomp_E014,9386.999999999993,True
firecomp_E015,8446.90000000001,False
firecomp_E016,8713.214285714148,False
firecomp_E021,9386.999999999973,True
firecomp_E022,9062.966666666616,False
firecomp_E023,9387.000000000051,True
firecomp_E024,9380.999999999935,False
firecomp_E026,9390.000000000018,True
firecomp_E028,8600.416666666613,False
firecomp_E033,9378.999999999969,False
firecomp_E034,9389.0000000001,True
firecomp_E035,7595.238095237908,False
firecomp_E037,6512.527777777798,False
firecomp_E038,4854.12414966097,False
firecomp_E039,9380.99999999995,False
firecomp_E040,9384.99999999999,False
firecomp_E042,6745.576190476084,False
firecomp_E043,6059.0208333332,False
firecomp_E044,9380.000000000051,False
firecomp_E045,5215.545918367509,False
firecomp_E046,6929.905555555341,False
firecomp_E047,9387.000000000102,True
firecomp_E048,5958.794094793993,False
firecomp_E050,5207.358928572045,False
firecomp_E052,7633.925925925778,False
firecomp_E053,8860.277777777688,False
firecomp_E054,8042.428571428477,False
firecomp_E055,9385.999999999953,False
firecomp_E058,9385.999999999973,True
firecomp_E059,9384.999999999915,False
firecomp_E060,5565.111309524029,False
firecomp_E062,5767.528911105187,False
firecomp_E063,4469.589421380748,False
firecomp_E064,4070.224032533358,False
firecomp_E065,9389.000000000047,True
firecomp_E066,4591.398026973586,False
firecomp_E067,7558.972222222183,False
firecomp_E068,7189.766666665623,False
firecomp_E069,9387.999999999993,True
firecomp_E070,5068.677272727762,False
firecomp_E071,9388.999999999862,True
firecomp_E072,5860.241864424518,False
firecomp_E073,6402.386419752855,False
firecomp_E074,9378.999999999955,False
firecomp_E075,6115.229487178836,False
firecomp_E076,8860.277777777743,False
firecomp_E079,6538.13541666683,False
firecomp_E080,6285.274305555599,False
firecomp_E081,5215.420714285336,False
firecomp_E082,4953.0085034014255,False
firecomp_E083,8754.933333333513,False
firecomp_E084,8446.899999999601,False
firecomp_E088,6005.239999999826,False
firecomp_E089,5749.996361295478,False
firecomp_E090,5773.843253967952,False
firecomp_E091,8209.12499999992,False
firecomp_E092,4040.508756395054,False
firecomp_E093,9389.000000000096,True
firecomp_E094,5009.986507936438,False
firecomp_E095,6542.242424242391,False
firecomp_E096,5153.471328935348,False
firecomp_E097,3730.764300144401,False
firecomp_E151,6166.17352033367,False
firecomp_E152,5515.32912342242,False
firecomp_E153,5912.611020924049,False
firecomp_E154,4439.284712384012,False
firecomp_E155,6722.180527209922,False
firecomp_E156,5372.563958153372,False
firecomp_E157,5166.725774226606,False
firecomp_E158,6064.790476190744,False
firecomp_E159,5723.800178252645,False
firecomp_E160,5394.317853640862,False
firecomp_E161,5504.806964084804,False
firecomp_E162,4977.6615156171,False
firecomp_E163,4096.0872886370535,False
firecomp_E164,6315.144505494897,False
firecomp_E165,6107.092037007247,False
firecomp_E166,4551.219402672749,False
firecomp_E167,5771.592058858867,False
firecomp_E168,4508.814397947312,False
firecomp_E201,5343.488892122859,False
firecomp_E202,5765.92528735617,False
firecomp_E205,7972.349999999808,False
firecomp_E206,7352.309829059761,False
firecomp_E207,3910.9166666665215,False
firecomp_E210,7813.9967532462215,False
firecomp_E211,7252.037348272883,False
firecomp_E214,5528.921176045439,False
firecomp_E216,2921.1576684308757,False
firecomp_E217,6692.723748473506,False
firecomp_E218,7291.56428571451,False
firecomp_E219,5829.249778894794,False
firecomp_E220,4297.460687187166,False
firecomp_E221,7343.2833333333,False
firecomp_E222,6238.882197268418,False
firecomp_E224,7608.564429012249,False
firecomp_E225,4973.209805151667,False
firecomp_E226,7212.895833333897,False
firecomp_E227,4632.385708272979,False
firecomp_E228,4047.829901960346,False
firecomp_E229,6623.460909090768,False
firecomp_E230,7869.732142856986,False
firecomp_E231,5817.696480332221,False
firecomp_E233,5494.97625313249,False
firecomp_E234,4844.98044294264,False
firecomp_E235,5249.780702180275,False
firecomp_E236,4116.347695390145,False
firecomp_E237,5471.08333333325,False
firecomp_E238,6316.7917603755595,False
firecomp_E239,3925.890739199985,False
firecomp_E240,3311.856196795838,False
firecomp_E241,5813.891067207269,False
firecomp_E242,5034.562250051822,False
firecomp_E243,3181.9745138643657,False
firecomp_E245,4447.231870675317,False
firecomp_E246,4309.822923783007,False
firecomp_E247,6395.413995577127,False
firecomp_E248,4473.82248794604,False
firecomp_E249,5157.772057036962,False
firecomp_E250,4942.509980158494,False
firecomp_E251,4079.012636843326,False
firecomp_E253,2846.7271121723356,False
firecomp_E254,6458.855367964775,False
firecomp_E255,4694.141803372585,False
firecomp_E257,3958.221585457443,False
firecomp_E258,9384.999999999982,False
firecomp_E259,4395.311885683903,False
firecomp_E260,4518.023707967795,False
firecomp_E262,5365.002316650616,False
firecomp_E263,3942.65460255386,False
firecomp_E264,6162.842999655069,False
firecomp_E265,5641.379578753956,False
firecomp_E266,5669.733583959038,False
firecomp_E268,5747.987499999293,False
firecomp_E271,5997.5685200213475,False
firecomp_E273,6958.778446226834,False
firecomp_E274,4076.5002939088745,False
firecomp_E275,5295.914088543858,False
firecomp_E276,4818.4505989479185,False
firecomp_E277,5683.463116122928,False
firecomp_E279,6513.40230897895,False
firecomp_E280,5254.040523936807,False
firecomp_E281,4380.143867328948,False
firecomp_E282,5277.017711291693,False
firecomp_E283,5100.232900433226,False
firecomp_E284,4072.9900455817124,False
firecomp_E285,4798.609832051755,False
firecomp_E286,5169.256788194873,False
firecomp_E287,4053.8314062810564,False
firecomp_E289,5765.378666161874,False
firecomp_E290,6394.894717261235,False
firecomp_E291,5004.247979797563,False
firecomp_E292,5673.411457916755,False
firecomp_E293,2209.479805726822,False
firecomp_E294,2745.974172601744,False
firecomp_E295,5556.672847478488,False
firecomp_E297,4545.449044660104,False
firecomp_E298,3932.930384394527,False
firecomp_E299,4465.483215201056,False
firecomp_E301,3785.553042281734,False
firecomp_E302,4532.615166302333,False
firecomp_E303,4211.211903103278,False
firecomp_E304,4043.7788053375225,False
firecomp_E305,4341.008538231069,False
firecomp_E306,6865.156606407795,False
firecomp_E307,4069.3025213589485,False
firecomp_E308,3437.971764419971,False
firecomp_E309,3645.6131188402114,False
firecomp_E310,3767.943560406292,False
firecomp_E311,4805.552863258243,False
firecomp_E312,3617.4120256898664,False
firecomp_E313,6856.022449275699,False
firecomp_E314,4893.457922450414,False
firecomp_E315,4766.789133296564,False
firecomp_E316,3966.777162524387,False
firecomp_E317,4655.183289827419,False
firecomp_E318,6255.573015873122,False
firecomp_E319,3489.6369434713138,False
firecomp_E320,4003.644120632292,False
firecomp_E321,4832.326722655351,False
firecomp_E323,6096.548560516689,False
firecomp_E324,5028.710437757853,False
firecomp_E325,6226.900606060844,False
firecomp_E326,4470.478218064849,False
firecomp_E328,5925.603525640822,False
firecomp_E329,7839.657100592226,False
firecomp_E330,4953.367083402726,False
firecomp_E331,3230.400455139761,False
firecomp_E332,3905.8333690277536,False
firecomp_L001,9389.000000000024,True
firecomp_L002,9384.999999999987,False
firecomp_L003,9386.99999999987,True
firecomp_L004,9383.99999999998,False
firecomp_L005,9382.999999999962,False
firecomp_L006,9384.999999999982,False
firecomp_L007,9381.999999999965,False
firecomp_L008,9383.999999999838,False
firecomp_L009,9386.000000000011,True
firecomp_L010,9389.000000000116,True
firecomp_L011,9379.999999999824,False
firecomp_L012,9380.999999999935,False
firecomp_L013,8911.449999999893,False
firecomp_L014,7430.541666666472,False
firecomp_L015,9390.000000000007,True
firecomp_L016,8489.619047619128,False
firecomp_L017,7371.642857142882,False
firecomp_L018,9386.999999999993,True
firecomp_L019,5551.341666666711,False
firecomp_L020,9382.999999999996,False
firecomp_L021,8602.41666666664,False
firecomp_L022,9381.999999999967,False
firecomp_L023,8042.428571428145,False
firecomp_L024,9390.000000000278,True
firecomp_L025,8596.41666666662,False
firecomp_L026,6563.699999999713,False
firecomp_L028,6929.902243589875,False
firecomp_L029,6883.73333333325,False
firecomp_L030,6599.4814814814845,False
firecomp_L031,6722.21666666711,False
firecomp_L032,4220.22592764337,False
firecomp_L033,5654.679487179614,False
firecomp_L034,7194.766666666907,False
firecomp_L035,9384.999999999985,False
firecomp_L036,9386.000000000116,True
firecomp_L037,3884.3354172677705,False
firecomp_L038,6903.491830065758,False
firecomp_L039,5411.100042441778,False
firecomp_L040,9380.000000000036,False
firecomp_L041,4856.9216917187305,False
firecomp_L042,8713.214285713631,False
firecomp_L043,7822.8333333333285,False
firecomp_L044,7622.18750000006,False
firecomp_L045,8338.555555555437,False
firecomp_L046,5648.686111110955,False
firecomp_L047,4834.435421312523,False
firecomp_L048,6428.26282051269,False
firecomp_L049,9386.999999999836,True
firecomp_L050,4630.738949703127,False
firecomp_L051,3879.4550041053803,False
firecomp_L052,6433.964814814698,False
firecomp_L053,6464.355555556098,False
firecomp_L054,5440.602134647664,False
firecomp_L055,3552.7541666664006,False
firecomp_L056,6474.78999999965,False
firecomp_L058,7041.250000000022,False
firecomp_L059,3828.1907029477175,False
firecomp_L061,5259.095023891639,False
firecomp_L076,5775.985773392499,False
firecomp_L077,6304.439697644173,False
firecomp_L078,4905.231944444209,False
firecomp_L079,5674.663696488163,False
firecomp_L080,5514.021652183618,False
firecomp_L081,5826.427588812392,False
firecomp_L082,5131.702538017891,False
firecomp_L083,5384.794636789059,False
firecomp_L084,5416.298045361031,False
firecomp_L085,4453.19717211153,False
firecomp_L086,4780.837217959224,False
firecomp_L087,5215.545918367544,False
firecomp_L101,6524.570833332929,False
firecomp_L102,6987.685416666399,False
firecomp_L103,3203.303379028148,False
firecomp_L104,7598.622916666518,False
firecomp_L105,6874.9610733180325,False
firecomp_L106,5868.475143515598,False
firecomp_L107,5353.230330616479,False
firecomp_L108,7558.972222222143,False
firecomp_L109,4530.177448429047,False
firecomp_L110,8131.866666666276,False
firecomp_L111,5143.432935595214,False
firecomp_L112,4166.0036893707265,False
firecomp_L113,4162.782368537879,False
firecomp_L114,4771.587796233044,False
firecomp_L115,6188.309888829006,False
firecomp_L116,6289.545362717942,False
firecomp_L117,4370.379895147852,False
firecomp_L118,8213.124999999995,False
firecomp_L119,7085.943749999761,False
firecomp_L120,6607.350694444324,False
firecomp_L121,6600.321450616846,False
firecomp_L122,4805.8316431507565,False
firecomp_L123,6131.279166666444,False
firecomp_L124,4765.466190475977,False
firecomp_L125,5579.258957572606,False
firecomp_L126,4272.2673558520955,False
firecomp_L127,4353.29392402445,False
firecomp_L128,6713.176923077067,False
firecomp_L129,5378.906404948126,False
firecomp_L130,4413.925782478399,False
firecomp_L131,5796.405731523691,False
firecomp_L132,4455.445573207457,False
firecomp_L133,4245.209171414327,False
firecomp_L134,5402.354965916043,False
firecomp_L135,4457.953620338954,False
firecomp_L136,3918.0268212566684,False
firecomp_L137,4970.447222222044,False
firecomp_L138,4682.7993611281045,False
firecomp_L140,5512.899502170754,False
firecomp_L142,3162.716810629456,False
firecomp_L143,5368.501335735995,False
firecomp_L144,4141.3070257024665,False
firecomp_L146,5722.087750885337,False
firecomp_L147,5869.274725274753,False
firecomp_L148,6219.668956764361,False
firecomp_L149,3506.2490944341375,False
firecomp_L150,4287.100749719406,False
firecomp_L151,8014.965549433337,False
firecomp_L152,4280.244454719131,False
firecomp_L153,5081.100576285269,False
firecomp_L154,5386.547304405031,False
firecomp_L155,4353.874113842074,False
firecomp_L156,5189.32198382701,False
firecomp_L157,4118.386404270876,False
firecomp_L158,4200.530508146061,False
firecomp_L159,3774.3959802315117,False
firecomp_L160,4461.806386525736,False
firecomp_L161,4401.530275571867,False
firecomp_L162,3479.8858357372505,False
firecomp_L163,6095.411471861178,False
firecomp_L164,4586.83204319292,False
firecomp_L165,3539.7152321683366,False
firecomp_L166,5517.090206452659,False
firecomp_L167,3492.2273217587926,False
firecomp_L168,3599.305288306743,False
firecomp_L169,6063.809752284344,False
firecomp_L170,5238.989522327025,False
firecomp_L172,5311.067582599166,False
firecomp_L173,7181.388247148614,False
firecomp_L174,4209.279318983486,False
firecomp_L175,4996.683918301316,False
firecomp_L176,5722.709377777454,False
firecomp_Q001,6345.543816016245,False
firecomp_Q018,8602.416666666644,False
firecomp_Q041,7194.766666666698,False
firecomp_Q061,5882.951435406442,False
firecomp_Q252,5028.459902658604,False
firecomp_Q270,3313.772077534348,False
firecomp_Q288,2738.9842366710914,False
policeprct_1,9184.403846153922,False
policeprct_5,9368.000000000107,False
policeprct_6,9212.265625000104,False
policeprct_7,8796.06250000007,False
policeprct_9,9152.311111111028,False
policeprct_10,8503.462962962905,False
policeprct_13,9163.847826087056,False
policeprct_14,9380.999999999973,False
policeprct_17,9369.999999999942,False
policeprct_18,9003.807692307726,False
policeprct_19,8996.43989071051,False
policeprct_20,8990.359999999846,False
policeprct_23,7532.339285714301,False
policeprct_24,9163.84782608705,False
policeprct_25,7688.445833333394,False
policeprct_26,7210.846153846177,False
policeprct_28,8773.746031745957,False
policeprct_30,6994.642361110906,False
policeprct_32,7630.0891861763785,False
policeprct_33,8074.694444444325,False
policeprct_34,8428.406698564419,False
policeprct_40,6917.132458698003,False
policeprct_41,6071.917088294205,False
policeprct_42,5337.810176651207,False
policeprct_43,5063.289348099901,False
policeprct_44,6814.58494838461,False
policeprct_45,5347.910368328889,False
policeprct_46,6144.370157244988,False
policeprct_47,4956.935499620353,False
policeprct_48,6297.375603503233,False
policeprct_49,4521.00527963986,False
policeprct_50,6349.523295984759,False
policeprct_52,5642.121370426588,False
policeprct_60,5517.715446022211,False
policeprct_61,4906.378591839587,False
policeprct_62,4054.51202523233,False
policeprct_63,4741.969677718303,False
policeprct_66,5220.991075718477,False
policeprct_67,4299.830474246295,False
policeprct_68,4864.295241607938,False
policeprct_69,5065.154056835978,False
policeprct_70,4901.224787616422,False
policeprct_71,5201.312735424953,False
policeprct_72,4733.49308207276,False
policeprct_73,5792.448078402851,False
policeprct_75,5116.777409391556,False
policeprct_76,6493.0866340297025,False
policeprct_77,5354.699645910402,False
policeprct_78,5712.365007004678,False
policeprct_79,6068.530082722071,False
policeprct_81,5654.674319245063,False
policeprct_83,6020.930859640743,False
policeprct_84,7783.545608107803,False
policeprct_88,7091.737121212422,False
policeprct_90,6443.485937974462,False
policeprct_94,5764.037277906722,False
policeprct_100,6552.285059212179,False
policeprct_101,5678.3390724618275,False
policeprct_102,3481.977546050717,False
policeprct_103,4515.536713354438,False
policeprct_104,4354.648535195069,False
policeprct_105,4108.812932433239,False
policeprct_106,4427.8313422343235,False
policeprct_107,4845.830953110878,False
policeprct_108,5123.4487513443355,False
policeprct_109,4808.98761435833,False
policeprct_110,5152.726544547387,False
policeprct_111,4794.469634481209,False
policeprct_112,5130.295433858914,False
policeprct_113,4906.563116744703,False
policeprct_114,4844.839839806117,False
policeprct_115,4365.140028914536,False
policeprct_120,5636.27311280226,False
policeprct_121,4823.544176633856,False
policeprct_122,5347.827776647459,False
policeprct_123,5616.5245917981965,False
healtharea_100,5133.000025783669,False
healtharea_110,3598.727786671381,False
healtharea_120,3631.176583320589,False
healtharea_200,5606.90992154504,False
healtharea_210,5473.7267672469015,False
healtharea_221,6149.989320110733,False
healtharea_222,4994.3037025913245,False
healtharea_300,5358.433276418892,False
healtharea_310,4131.306845237917,False
healtharea_320,6366.464285714145,False
healtharea_400,6229.672081276001,False
healtharea_410,5399.004761904585,False
healtharea_420,3807.8480367965053,False
healtharea_500,6416.737402617846,False
healtharea_510,5006.541366400909,False
healtharea_520,4774.81104327711,False
healtharea_600,5188.464001498333,False
healtharea_610,4840.8548665757535,False
healtharea_620,4264.528176506414,False
healtharea_700,5289.399142836286,False
healtharea_710,5570.309855570096,False
healtharea_720,6596.5916178675925,False
healtharea_800,5567.841095498829,False
healtharea_810,4231.777573352373,False
healtharea_820,3927.1966410765967,False
healtharea_900,6774.8363105912695,False
healtharea_910,5545.264912006022,False
healtharea_920,4997.39800954393,False
healtharea_1000,6776.144867478079,False
healtharea_1011,4688.49999999993,False
healtharea_1012,6221.242806267726,False
healtharea_1021,5581.263825355706,False
healtharea_1022,4224.165142881716,False
healtharea_1100,5285.443242718417,False
healtharea_1200,6396.97352569778,False
healtharea_1210,5305.153235652973,False
healtharea_1220,5157.464927637364,False
healtharea_1300,6644.109183674008,False
healtharea_1310,3922.3645742453627,False
healtharea_1320,3696.5051863742624,False
healtharea_1400,4694.499999999641,False
healtharea_1410,5684.182691687265,False
healtharea_1420,5668.050804017422,False
healtharea_1500,5548.426404842777,False
healtharea_1510,5338.652777777592,False
healtharea_1520,5448.723809523024,False
healtharea_1600,5549.883558385621,False
healtharea_1700,3934.3101793790934,False
healtharea_1710,7972.349999999145,False
healtharea_1720,6033.071428571133,False
healtharea_1800,6816.039583333079,False
healtharea_1810,3263.743320852518,False
healtharea_1821,3998.6890142189263,False
healtharea_1822,3674.876282196732,False
healtharea_1900,7171.365215031493,False
healtharea_1910,6302.4589801730435,False
healtharea_1920,6128.809278923244,False
healtharea_1930,4338.2623620413815,False
healtharea_1940,4692.022252507198,False
healtharea_2000,6122.0366468250595,False
healtharea_2011,4675.706240153908,False
healtharea_2012,4238.319245150465,False
healtharea_2021,4488.1437719561545,False
healtharea_2022,3266.159194833011,False
healtharea_2100,5849.36159211109,False
healtharea_2110,4864.633426349524,False
healtharea_2120,6779.388888888836,False
healtharea_2121,3764.514864502466,False
healtharea_2122,4834.389228869665,False
healtharea_2130,6104.126537483373,False
healtharea_2140,4098.258225446748,False
healtharea_2150,6061.4375789227315,False
healtharea_2160,3685.9641531162115,False
healtharea_2170,4452.74144690832,False
healtharea_2200,6419.3102265146035,False
healtharea_2210,5417.621356421041,False
healtharea_2220,8446.899999999976,False
healtharea_2300,6745.318258477796,False
healtharea_2310,7668.356410256219,False
healtharea_2320,9387.999999999947,True
healtharea_2400,4977.018784562976,False
healtharea_2500,3734.1310550484977,False
healtharea_2600,4716.262849351686,False
healtharea_2700,4562.069444444371,False
healtharea_2710,4746.423319425642,False
healtharea_2720,5467.849694331726,False
healtharea_2800,5214.9479485987895,False
healtharea_2810,5359.896146714754,False
healtharea_2820,4046.9521780237787,False
healtharea_2900,5102.914602452645,False
healtharea_2910,3215.0923721667423,False
healtharea_2920,3869.849507198997,False
healtharea_3000,4059.9697383498237,False
healtharea_3010,4406.548653950348,False
healtharea_3020,5240.908456486594,False
healtharea_3030,5973.37363031133,False
healtharea_3100,4731.373628434525,False
healtharea_3110,9388.999999999894,True
healtharea_3120,9384.99999999998,False
healtharea_3200,6491.735822510473,False
healtharea_3210,4515.810510460557,False
healtharea_3220,5054.027401182296,False
healtharea_3300,4966.327372180713,False
healtharea_3310,7990.740740740492,False
healtharea_3320,7037.24999999988,False
healtharea_3400,4748.444944884375,False
healtharea_3500,5682.866747311873,False
healtharea_3510,5139.433961798342,False
healtharea_3520,4529.840620928917,False
healtharea_3531,3945.4721351728895,False
healtharea_3532,4409.002460929741,False
healtharea_3600,6780.468376068709,False
healtharea_3611,5619.055285077818,False
healtharea_3612,5172.021009548423,False
healtharea_3620,4849.828734709251,False
healtharea_3700,6876.175294943367,False
healtharea_3800,6317.918323263559,False
healtharea_3810,2142.5142857144483,False
healtharea_3820,4685.349905026522,False
healtharea_3900,3957.68963978907,False
healtharea_4000,7202.293516605542,False
healtharea_4100,7380.620966229105,False
healtharea_4200,6785.835899015266,False
healtharea_4300,5393.859541393107,False
healtharea_4400,6102.902592165749,False
healtharea_4500,7090.720779221,False
healtharea_4600,3493.4010483751754,False
healtharea_4700,6159.038154289516,False
healtharea_4800,6699.701058200609,False
healtharea_4900,4639.335927579266,False
healtharea_5000,9382.999999999987,False
healtharea_5010,4976.528932179131,False
healtharea_5020,6602.654999999717,False
healtharea_5200,8258.773188405905,False
healtharea_5300,8953.13636363629,False
healtharea_5310,3953.922728922647,False
healtharea_5320,5539.098003847929,False
healtharea_5400,5580.786672850713,False
healtharea_5500,7815.833333333255,False
healtharea_5510,3962.708445404389,False
healtharea_5520,4682.590192912865,False
healtharea_5600,7256.003074866407,False
healtharea_5700,8828.973958333268,False
healtharea_5800,9387.000000000166,True
healtharea_5810,4946.439835858788,False
healtharea_5820,5014.7697012139215,False
healtharea_5900,7103.393939393981,False
healtharea_6000,4941.899486932543,False
healtharea_6100,6290.037022501047,False
healtharea_6200,6512.177871147935,False
healtharea_6300,6126.125359246926,False
healtharea_6400,9377.999999999958,False
healtharea_6410,4550.5337772678995,False
healtharea_6420,5237.3690131303,False
healtharea_6500,5528.092935133317,False
healtharea_6600,4570.949314148134,False
healtharea_6700,5752.435178401658,False
healtharea_6800,7683.472021308617,False
healtharea_6900,4983.405106589134,False
healtharea_7000,3869.3860769410994,False
healtharea_7110,7017.081855501052,False
healtharea_7120,5038.967164996698,False
healtharea_7210,4935.199794745792,False
healtharea_7220,3860.870356779209,False
healtharea_7310,5408.352130166333,False
healtharea_7320,4461.788178266216,False
healtharea_7400,8911.449999999917,False
healtharea_7410,3660.631471569787,False
healtharea_7420,4706.653950362362,False
healtharea_7510,3691.159432503923,False
healtharea_7520,5262.3302167325155,False
healtharea_7600,6361.583262786334,False
healtharea_7700,6452.80342086436,False
healtharea_7800,9387.999999999995,True
healtharea_7810,4740.616365265259,False
healtharea_7820,4817.026777088001,False
healtharea_7910,4692.269642857085,False
healtharea_7920,2977.845012672257,False
healtharea_8000,9389.000000000138,True
healtharea_8010,4167.128568547163,False
healtharea_8020,5527.728601953301,False
healtharea_8110,4898.404183419212,False
healtharea_8120,4190.019269837683,False
healtharea_8200,3600.755167710197,False
healtharea_8300,4200.008573092982,False
healtharea_8400,3889.0759225340853,False
healtharea_8510,4682.340365368142,False
healtharea_8520,8860.277777777654,False
healtharea_8521,5947.141741881759,False
healtharea_8522,3545.4750666895507,False
healtharea_8610,5228.203759624894,False
healtharea_8620,4243.354186289356,False
healtharea_8710,4497.887072511212,False
healtharea_8721,4182.739314307323,False
healtharea_8722,4303.061965680908,False
healtharea_8800,9390.00000000016,True
healtharea_8810,4191.147005295936,False
healtharea_8821,4069.1893200575473,False
healtharea_8822,5526.190059042589,False
healtharea_8900,5511.73027310093,False
healtharea_9010,6255.573015873122,False
healtharea_9020,6509.527777777545,False
healtharea_9110,4361.251126651011,False
healtharea_9120,6762.100723622975,False
healtharea_9300,7041.250000000206,False
sanitboro_1,8389.715533331708,False
sanitboro_2,5159.493347694092,False
sanitboro_3,3857.5502576963568,False
sanitboro_4,3421.5754386201234,False
sanitboro_5,5045.603587420277,False
sanitsub_1A,6642.202077951081,False
sanitsub_1B,6105.703383906478,False
sanitsub_1C,4819.600101057277,False
sanitsub_1D,4542.0420050512475,False
sanitsub_1E,4476.130563672898,False
sanitsub_1F,9387.000000000007,True
sanitsub_1G,9384.99999999999,False
sanitsub_1H,9387.999999999998,True
sanitsub_1O,9387.999999999998,True
sanitsub_1Q,7822.833333333325,False
sanitsub_2A,6336.281792928653,False
sanitsub_2B,6018.533476863358,False
sanitsub_2C,4772.132451105783,False
sanitsub_2D,4596.040136574445,False
sanitsub_2E,4512.389298551404,False
sanitsub_2J,9390.000000000475,True
sanitsub_2K,8502.593749999643,False
sanitsub_2Q,9390.000000001539,True
sanitsub_2R,7041.250000000015,False
sanitsub_3A,6630.0863504348,False
sanitsub_3B,6712.125678956635,False
sanitsub_3C,4705.565416321893,False
sanitsub_3D,4682.34268362304,False
sanitsub_3E,4371.659722936925,False
sanitsub_3R,4694.499999999812,False
sanitsub_4A,6813.900703161587,False
sanitsub_4B,6340.976680901933,False
sanitsub_4C,5003.049488259222,False
sanitsub_4D,4572.018265512987,False
sanitsub_4E,4630.741339508305,False
sanitsub_4I,4694.499999999857,False
sanitsub_4N,5863.1015873011065,False
sanitsub_4P,3284.84999999985,False
sanitsub_5A,6094.20899149105,False
sanitsub_5B,6879.00332243986,False
sanitsub_5C,4557.443776013694,False
sanitsub_5D,3877.6960432969013,False
sanitsub_5E,4312.217372461192,False
sanitsub_5R,9390.000000000453,True
sanitsub_6C,4553.284283868716,False
sanitsub_6D,4629.355493617718,False
sanitsub_6E,4307.576330765677,False
sanitsub_7C,4361.3525943661125,False
sanitsub_7D,4746.350158422357,False
sanitsub_7E,4246.5176369041155,False
sanitsub_8C,6652.401023392145,False
sanitsub_8D,5487.094301327639,False
sanitsub_8E,5307.7377146927465,False
zonedist1_C,7553.289508100648,False
zonedist1_M,7246.378172076598,False
zonedist1_MR,7028.699593693201,False
zonedist1_R,477.8060441803805,False
spdist1_0,686.4044465409861,False
spdist1_1,5232.809655815697,False
ltdheight_0,29.63101853265332,False
ltdheight_1,8402.638528138361,False
landuse_0,6537.793650793407,False
landuse_1,2559.2917808705656,False
landuse_2,5627.643809829729,False
landuse_3,8984.269999999982,False
landuse_4,6480.275737367767,False
landuse_5,7964.177321156897,False
landuse_6,7857.592195766929,False
landuse_7,7517.609756097724,False
landuse_8,7957.617167919916,False
landuse_9,7507.630434783065,False
landuse_10,6963.2713213210955,False
landuse_11,7945.7495622572005,False
ext_0,2228.4798796442087,False
ext_1,3197.4092958133397,False
proxcode_0,6986.4509971176,False
proxcode_1,3417.299859303326,False
proxcode_2,2960.5530666662185,False
irrlotcode_N,995.8950515037615,False
irrlotcode_Y,5293.58069070952,False
lottype_0,8644.651053639842,False
lottype_1,7536.059629629416,False
lottype_2,7554.83882783823,False
lottype_3,5346.8440246289265,False
lottype_4,8325.9462962962,False
lottype_5,899.2486670579918,False
lottype_6,6900.827161078272,False
lottype_8,7157.984375000864,False
borocode_1,8389.71553333171,False
borocode_2,5157.185296113395,False
borocode_3,3857.5502576963568,False
borocode_4,3421.257248355962,False
borocode_5,5045.603587420277,False
edesignum_0,74.5089830917637,False
edesignum_1,6785.430822935167,False
sanitdistrict_1,5082.9042980968015,False
sanitdistrict_2,5551.352436062098,False
sanitdistrict_3,5027.987064028273,False
sanitdistrict_4,5902.778503185597,False
sanitdistrict_5,4673.12323377704,False
sanitdistrict_6,5865.0839733887005,False
sanitdistrict_7,4907.998735805857,False
sanitdistrict_8,5544.500673511473,False
sanitdistrict_9,4317.810553058501,False
sanitdistrict_10,4716.807232182193,False
sanitdistrict_11,4527.2914632918855,False
sanitdistrict_12,4757.604593890293,False
sanitdistrict_13,4242.552623128233,False
sanitdistrict_14,5454.807352384533,False
sanitdistrict_15,4904.435983608574,False
sanitdistrict_16,5792.448078402851,False
sanitdistrict_17,4299.830474246295,False
sanitdistrict_18,4949.366022844225,False
healthcenterdistrict_11,8079.055468341452,False
healthcenterdistrict_12,7911.399122807195,False
healthcenterdistrict_13,9099.55399061036,False
healthcenterdistrict_14,9070.138888888721,False
healthcenterdistrict_15,9009.152968036431,False
healthcenterdistrict_16,8511.382352941047,False
healthcenterdistrict_17,7907.686767676848,False
healthcenterdistrict_21,5911.611990317565,False
healthcenterdistrict_22,5531.187049061647,False
healthcenterdistrict_23,6804.241713907843,False
healthcenterdistrict_24,4742.0413928108355,False
healthcenterdistrict_25,6423.884179033395,False
healthcenterdistrict_26,5155.305341901645,False
healthcenterdistrict_30,6117.3271797677835,False
healthcenterdistrict_31,4761.777180082328,False
healthcenterdistrict_32,5330.864503942332,False
healthcenterdistrict_33,5261.879598238626,False
healthcenterdistrict_34,5637.646335455119,False
healthcenterdistrict_35,4517.150864037339,False
healthcenterdistrict_36,6915.028510965881,False
healthcenterdistrict_37,4636.193334075758,False
healthcenterdistrict_38,6373.596588986597,False
healthcenterdistrict_39,5092.833791913552,False
healthcenterdistrict_41,4945.445398573043,False
healthcenterdistrict_42,4652.780208381532,False
healthcenterdistrict_43,4815.018848028532,False
healthcenterdistrict_44,4532.4513732377145,False
healthcenterdistrict_45,4504.194067134146,False
healthcenterdistrict_46,4538.9317065876685,False
healthcenterdistrict_51,5045.603587420277,False
pfirm15_flag_0,505.7315173710667,False
pfirm15_flag_1,6221.357263976623,False
